u,v,key,osmid,highway,maxspeed,name,oneway,reversed,length,geometry,service,lanes,bridge,access,width,ref,junction,tunnel,est_width,area
11005259,2294504615,0,"[102579496, 777497219]",primary,50,Bautzner Straße,False,True,40.55522500611608,"LINESTRING (13.7865973 51.0669125, 13.7869468 51.0669461, 13.787171 51.0669677)",,4,,,,B 6,,,,
11005259,1458120434,0,132572480,primary,50,Bautzner Straße,True,False,55.42983656444164,"LINESTRING (13.7865973 51.0669125, 13.7865271 51.0669197, 13.7864083 51.0669318, 13.7861487 51.0669217, 13.7859797 51.0669337, 13.7858635 51.0669499, 13.785813 51.0669591)",,2,,,,B 6,,,,
11005394,2294768731,0,257038587,primary,50,Bautzner Straße,False,True,28.243772124498552,"LINESTRING (13.8119703 51.0642256, 13.8118979 51.0642498, 13.8118477 51.0642626, 13.8117934 51.0642733, 13.8116878 51.0642825, 13.8115839 51.0642894)",,4,,,,B 6,,,,
25117016,2569330415,0,1385283961,tertiary,20,Wilsdruffer Straße,True,False,12.280547816742363,"LINESTRING (13.7372643 51.0504944, 13.7370923 51.0505169)",,1,,,,,,,,
25117028,2610832910,0,1226680710,tertiary,20,Wilsdruffer Straße,True,False,68.15355905843977,"LINESTRING (13.7372088 51.0502917, 13.7381626 51.0501646)",,1,,,3.25,,,,,
25117095,1701480252,0,216071215,tertiary,20,Wilsdruffer Straße,True,False,68.3904538411928,"LINESTRING (13.7401355 51.0500897, 13.7398723 51.0501365, 13.739186 51.0502375)",,1,,,4.8,,,,,
25117102,334016342,0,216071213,tertiary,50,Wilsdruffer Straße,True,False,5.512302215794908,"LINESTRING (13.7438797 51.0496265, 13.7438018 51.0496342)",,,,,,,,,,
25117106,2517197942,0,913446177,residential,30,Schießgasse,False,True,17.101966429759884,"LINESTRING (13.7437091 51.0499915, 13.743796 51.0501009, 13.7438184 51.0501291)",,,,,,,,,,
25433992,1703242714,0,210129632,primary,50,Bautzner Straße,True,False,21.270747416389995,"LINESTRING (13.7487461 51.0633016, 13.7489888 51.0633339, 13.7490442 51.0633402)",,1,,,,B 6,,,,
25873142,1749554806,0,244326503,living_street,,Augustusstraße,False,True,7.702652460499327,"LINESTRING (13.7396957 51.052545, 13.7397311 51.0524794)",,,,,,,,,,
25873142,2561643152,0,244326505,pedestrian,,Augustusstraße,False,False,113.73703631375284,"LINESTRING (13.7396957 51.052545, 13.7395749 51.0525937, 13.7385543 51.0530073, 13.7383463 51.0531149)",,,,,,,,,,
25873146,26889714,0,4432017,residential,30,Schießgasse,False,False,12.799716144645918,"LINESTRING (13.7446979 51.0513401, 13.7446288 51.0512335)",,,,,,,,,,
25949615,3160439137,0,877615383,primary,50,Bautzner Straße,False,False,20.020375463452424,"LINESTRING (13.7630752 51.0643635, 13.7633468 51.0644208)",,2,,,,B 6,,,,
25949615,13056523533,0,51515728,primary,50,Bautzner Straße,False,True,27.53187918465228,"LINESTRING (13.7630752 51.0643635, 13.7630395 51.0643558, 13.7627069 51.0642756)",,,,,,B 6,,,,
26889714,25873146,0,4432017,residential,30,Schießgasse,False,True,12.799716144645918,"LINESTRING (13.7446288 51.0512335, 13.7446979 51.0513401)",,,,,,,,,,
26889714,2530827472,0,508306574,residential,30,Schießgasse,False,False,14.014501617019379,"LINESTRING (13.7446288 51.0512335, 13.7445523 51.051117)",,,,,,,,,,
27279384,933166849,0,56067993,primary,50,Bautzner Straße,True,False,41.181014923303756,"LINESTRING (13.7479207 51.0634299, 13.7484134 51.063334, 13.7484836 51.0633203)",,2,,,,B 6,,,,
27682460,31237276,0,384397128,primary,50,Bautzner Straße,False,False,21.02810084668746,"LINESTRING (13.7947085 51.066397, 13.7944303 51.0664691)",,4,,,,B 6,,,,
27682460,1927448099,0,384397128,primary,50,Bautzner Straße,False,True,82.38995701632226,"LINESTRING (13.7947085 51.066397, 13.795481 51.0661754, 13.79565 51.0661311, 13.7957873 51.0660985)",,4,,,,B 6,,,,
28799160,169374355,0,384397128,primary,50,Bautzner Straße,False,True,14.271722027820566,"LINESTRING (13.7903983 51.0670969, 13.7905978 51.0670694)",,4,,,,B 6,,,,
28799160,11279901491,0,1217381409,primary,50,Bautzner Straße,True,False,20.1875684140178,"LINESTRING (13.7903983 51.0670969, 13.7903766 51.0671096, 13.7902405 51.0671896, 13.790175 51.0672097)",,1,,,,B 6,,,,
29348304,997588759,0,"[216071217, 313559084]",tertiary,50,Wilsdruffer Straße,True,False,111.14702525297093,"LINESTRING (13.7406426 51.0498694, 13.7408573 51.049848, 13.7417973 51.0497208, 13.7421935 51.0496518)",,"['2', '1']",,,,,,,,
29348305,25117095,0,216071215,tertiary,20,Wilsdruffer Straße,True,False,28.70303977197903,"LINESTRING (13.740537 51.0500356, 13.7404383 51.0500489, 13.7401355 51.0500897)",,1,,,4.8,,,,,
30122604,3175417565,0,255598297,residential,30,Schießgasse,False,False,38.05636497571986,"LINESTRING (13.7443857 51.0508635, 13.744147 51.0505559)",,,,,,,,,,
30122604,2526290026,0,"[255598297, 508306574]",residential,30,Schießgasse,False,True,20.94562462277751,"LINESTRING (13.7443857 51.0508635, 13.7444653 51.0509846, 13.7445001 51.0510376)",,,,,,,,,,
30405000,13056523533,0,51515728,primary,50,Bautzner Straße,False,False,12.198586145349674,"LINESTRING (13.7625438 51.0642365, 13.7627069 51.0642756)",,,,,,B 6,,,,
30405000,449106844,0,877615382,primary,50,Bautzner Straße,False,True,19.650106234973606,"LINESTRING (13.7625438 51.0642365, 13.7624563 51.064216, 13.7622803 51.0641748)",,,,,,B 6,,,,
30405010,2290849554,0,1183377561,primary,50,Bautzner Straße,True,False,9.425968685459052,"LINESTRING (13.776534 51.0672958, 13.7766672 51.0672824)",,1,,,,B 6,,,,
30405012,1458120482,0,133959424,primary,50,Bautzner Straße,True,False,52.5585791960647,"LINESTRING (13.7780068 51.067055, 13.7783483 51.0670358, 13.7787573 51.0670259)",,1,,,,B 6,,,,
30405016,433065573,0,1183377560,primary,50,Bautzner Straße,True,False,19.891176551058344,"LINESTRING (13.7767099 51.0675204, 13.7765712 51.0675033, 13.7764328 51.0674799)",,3,,,,B 6,,,,
30405018,31237331,0,220328114,primary,50,Bautzner Straße,False,False,89.14106170332664,"LINESTRING (13.8018614 51.0658461, 13.8014449 51.0658811, 13.8010949 51.0659039, 13.8005918 51.0659178)",,2,,,,B 6,,,,
30405018,303159242,0,"[23678817, 27608271, 384397136, 220328114, 777497214, 777497215]",primary,50,Bautzner Straße,False,"[False, True]",554.5122892356171,"LINESTRING (13.8018614 51.0658461, 13.8020558 51.0658331, 13.8026694 51.0657817, 13.8037679 51.0656897, 13.8041917 51.0656542, 13.8043327 51.0656424, 13.8053147 51.0655584, 13.8058143 51.0655167, 13.8062655 51.0654766, 13.8064721 51.0654543, 13.8066813 51.0654181, 13.8069153 51.065365, 13.8094446 51.0647342, 13.8095334 51.0647121)",,2,,,,B 6,,,,
30409381,316631000,0,413178527,tertiary,20,Wilsdruffer Straße,True,False,69.24741691519185,"LINESTRING (13.7391197 51.0500407, 13.7397288 51.0499594, 13.7400923 51.0499235)",,1,,,4.8,,,,,
31197453,25117102,0,24209215,tertiary,50,Wilsdruffer Straße,True,False,31.34855726214725,"LINESTRING (13.7443213 51.0495776, 13.7442296 51.0495897, 13.7438797 51.0496265)",,,,,,,,,,
31237276,27682460,0,384397128,primary,50,Bautzner Straße,False,True,21.02810084668746,"LINESTRING (13.7944303 51.0664691, 13.7947085 51.066397)",,4,,,,B 6,,,,
31237276,169374355,0,384397128,primary,50,Bautzner Straße,False,False,276.18096709091856,"LINESTRING (13.7944303 51.0664691, 13.7942814 51.0665049, 13.7940165 51.0665593, 13.793702 51.0666174, 13.793405 51.0666634, 13.7918074 51.0668912, 13.7905978 51.0670694)",,4,,,,B 6,,,,
31237331,3161628588,0,"[220328114, 384397135]",primary,50,Bautzner Straße,False,False,88.30837220655805,"LINESTRING (13.8005918 51.0659178, 13.799466 51.0659387, 13.7993286 51.0659413)",,"['2', '4']",,,,B 6,,,,
31237331,30405018,0,220328114,primary,50,Bautzner Straße,False,True,89.14106170332664,"LINESTRING (13.8005918 51.0659178, 13.8010949 51.0659039, 13.8014449 51.0658811, 13.8018614 51.0658461)",,2,,,,B 6,,,,
31471508,5240901296,0,4874493,secondary,30,Lockwitzgrund,False,False,34.42753127738447,"LINESTRING (13.8029641 50.9865514, 13.8029625 50.9864607, 13.8029148 50.9863782, 13.8028073 50.9862659)",,2,,,,S 183,,,,
31471510,86644275,0,4874493,secondary,30,Lockwitzgrund,False,False,120.86516121843341,"LINESTRING (13.8022562 50.985647, 13.8022228 50.985554, 13.8022046 50.9854502, 13.8022077 50.9852392, 13.8022154 50.9849725, 13.8022013 50.9847906, 13.8021437 50.9846883, 13.80205 50.9845852)",,2,,,,S 183,,,,
31471510,7301143494,0,4874493,secondary,30,Lockwitzgrund,False,True,29.82558831715197,"LINESTRING (13.8022562 50.985647, 13.8023263 50.9857634, 13.8024442 50.9858865)",,2,,,,S 183,,,,
67273166,7051699619,0,756953955,primary,50,Bautzner Straße,True,False,7.0022830329602055,"LINESTRING (13.7487477 51.0634409, 13.7486571 51.0634678)",,2,,,,B 6,,,,
76859403,3648736378,0,"[1313871129, 9722489]",residential,50,Bautzner Straße,True,False,63.765236873734636,"LINESTRING (13.7488918 51.062918, 13.7490616 51.0629276, 13.7492014 51.0629223, 13.7498025 51.0629025)",,,,,,,,,,
76859758,6558343218,0,9722489,residential,50,Bautzner Straße,True,False,24.830025979988456,"LINESTRING (13.7507297 51.0628838, 13.7510848 51.0628761)",,,,,,,,,,
76859759,4128233139,0,698337541,primary,50,Bautzner Straße,False,False,29.312980540579883,"LINESTRING (13.7507259 51.0631219, 13.7511367 51.0630686)",,4,,,,B 6,,,,
76859759,7417943542,0,383734605,primary,50,Bautzner Straße,False,True,54.90273595082365,"LINESTRING (13.7507259 51.0631219, 13.7502747 51.0631805, 13.7499565 51.0632218)",,4,,,,B 6,,,,
85890601,5240901760,0,"[91767584, 1087196386]",secondary,50,Lockwitzgrund,False,True,201.86880475723257,"LINESTRING (13.796032 50.9819687, 13.7962133 50.9821698, 13.7964854 50.9824717, 13.7965822 50.9826124, 13.7966457 50.9827047, 13.7967617 50.9828618, 13.7969206 50.9830028, 13.7970849 50.9831172, 13.7973122 50.9832408, 13.7974985 50.9833364, 13.7976877 50.9834145)",,2,,,,S 183,,,,
85890601,3459763910,0,"[1087196387, 91796021, 91796022, 208772475]",secondary,"['30', '50']",Lockwitzgrund,False,False,511.6405728577613,"LINESTRING (13.796032 50.9819687, 13.7959271 50.9818257, 13.7954514 50.9811879, 13.7953615 50.9810325, 13.7953075 50.9808679, 13.7952864 50.9807522, 13.7952824 50.9805521, 13.7953079 50.980319, 13.7954372 50.9795553, 13.7955135 50.9789988, 13.7955622 50.9787563, 13.795556 50.9786329, 13.7954876 50.9784741, 13.7953897 50.9783703, 13.7952692 50.9783071, 13.7950435 50.9782106, 13.7941764 50.9779494)",,2,,,,S 183,,,,
86644275,31471510,0,4874493,secondary,30,Lockwitzgrund,False,True,120.8651612184334,"LINESTRING (13.80205 50.9845852, 13.8021437 50.9846883, 13.8022013 50.9847906, 13.8022154 50.9849725, 13.8022077 50.9852392, 13.8022046 50.9854502, 13.8022228 50.985554, 13.8022562 50.985647)",,2,,,,S 183,,,,
86644275,8935694647,0,"[91767581, 141328886]",secondary,30,Lockwitzgrund,False,False,90.15305386591626,"LINESTRING (13.80205 50.9845852, 13.8019284 50.9845246, 13.8017863 50.9844721, 13.8015691 50.9843902, 13.8013935 50.984332, 13.8012679 50.9842956, 13.8009101 50.9842186)",,2,,,,S 183,,,,
92307034,3459501214,0,91767581,secondary,,Lockwitzgrund,False,False,8.253385499762533,"LINESTRING (13.8002566 50.9840779, 13.8001457 50.9840527)",,2,,,,S 183,,,,
92307034,8935694647,0,91767581,secondary,,Lockwitzgrund,False,True,48.34717944808003,"LINESTRING (13.8002566 50.9840779, 13.8009101 50.9842186)",,2,,,,S 183,,,,
169374355,28799160,0,384397128,primary,50,Bautzner Straße,False,False,14.271722027820566,"LINESTRING (13.7905978 51.0670694, 13.7903983 51.0670969)",,4,,,,B 6,,,,
169374355,31237276,0,384397128,primary,50,Bautzner Straße,False,True,276.18096709091856,"LINESTRING (13.7905978 51.0670694, 13.7918074 51.0668912, 13.793405 51.0666634, 13.793702 51.0666174, 13.7940165 51.0665593, 13.7942814 51.0665049, 13.7944303 51.0664691)",,4,,,,B 6,,,,
221935639,2510607353,0,350179565,pedestrian,,Brühlsche Terrasse,False,True,10.643874188948386,"LINESTRING (13.7391643 51.0535871, 13.7392641 51.0535148)",,,,,,,,,,
221935639,2510607403,0,683443086,pedestrian,,Brühlsche Terrasse,False,True,33.17509569573597,"LINESTRING (13.7391643 51.0535871, 13.7393152 51.0536718, 13.7395813 51.0536354)",,,,,,,,,,
248967422,334016350,0,313559084,tertiary,50,Wilsdruffer Straße,True,False,102.61325050352738,"LINESTRING (13.7423036 51.0496374, 13.7433555 51.0494831, 13.743606 51.049433, 13.7437265 51.0494123)",,2,,,,,,,,
253894583,449106844,0,710529275,primary,50,Bautzner Straße,False,False,64.51880839650195,"LINESTRING (13.7614164 51.0639704, 13.7616264 51.0640157, 13.7616703 51.0640256, 13.7617142 51.0640352, 13.7622803 51.0641748)",,,,,,B 6,,,,
253894583,2198154299,0,1413564142,primary,50,Bautzner Straße,False,True,41.506505804820506,"LINESTRING (13.7614164 51.0639704, 13.7609941 51.0638802, 13.7608523 51.0638537)",,2,,,,B 6,,,,
257891398,3459501218,0,91767584,secondary,50,Lockwitzgrund,False,False,54.810211774558795,"LINESTRING (13.7990511 50.983784, 13.7988455 50.9837326, 13.7983194 50.9836086)",,2,,,,S 183,,,,
257891398,3459501214,0,91767584,secondary,50,Lockwitzgrund,False,True,82.24295888760244,"LINESTRING (13.7990511 50.983784, 13.7993722 50.9838625, 13.8001457 50.9840527)",,2,,,,S 183,,,,
277089751,277089752,0,50823381,service,,Lockwitzgrund,False,False,24.710953791911876,"LINESTRING (13.8001618 50.9832204, 13.7998088 50.9832201)",,,,,,,,,,
277089752,277089751,0,50823381,service,,Lockwitzgrund,False,True,24.710953791911876,"LINESTRING (13.7998088 50.9832201, 13.8001618 50.9832204)",,,,,,,,,,
277089752,277090079,0,"[25425344, 50823381]","['path', 'service']",,Lockwitzgrund,False,False,323.84302771419084,"LINESTRING (13.7998088 50.9832201, 13.7993883 50.9832201, 13.7989419 50.9831067, 13.7979549 50.9823934, 13.7972825 50.9819623, 13.796803 50.9817193, 13.7966958 50.9815582, 13.7966534 50.9813275)",,,,,,,,,,
277090079,277089752,0,"[25425344, 50823381]","['path', 'service']",,Lockwitzgrund,False,True,323.84302771419084,"LINESTRING (13.7966534 50.9813275, 13.7966958 50.9815582, 13.796803 50.9817193, 13.7972825 50.9819623, 13.7979549 50.9823934, 13.7989419 50.9831067, 13.7993883 50.9832201, 13.7998088 50.9832201)",,,,,,,,,,
279872625,2610832901,0,61320006,tertiary,20,Wilsdruffer Straße,True,False,57.50648568758604,"LINESTRING (13.7390208 51.0502598, 13.7382166 51.0503688)",,1,,,3.25,,,,,
303159242,2294768731,0,"[384397136, 384397137, 777497213]",primary,50,Bautzner Straße,False,False,152.79073443865738,"LINESTRING (13.8095334 51.0647121, 13.8097282 51.0646566, 13.8098957 51.0645973, 13.810195 51.0644956, 13.8103633 51.0644438, 13.8105952 51.0643878, 13.8107737 51.0643549, 13.8109844 51.0643247, 13.8113947 51.0643001, 13.8115839 51.0642894)",,"['2', '4']",,,,B 6,,,,
303159242,30405018,0,"[23678817, 27608271, 384397136, 220328114, 777497214, 777497215]",primary,50,Bautzner Straße,False,"[False, True]",554.5122892356172,"LINESTRING (13.8095334 51.0647121, 13.8094446 51.0647342, 13.8069153 51.065365, 13.8066813 51.0654181, 13.8064721 51.0654543, 13.8062655 51.0654766, 13.8058143 51.0655167, 13.8053147 51.0655584, 13.8043327 51.0656424, 13.8041917 51.0656542, 13.8037679 51.0656897, 13.8026694 51.0657817, 13.8020558 51.0658331, 13.8018614 51.0658461)",,2,,,,B 6,,,,
304869297,3559302870,0,"[684023315, 27763740, 350181327]","['steps', 'pedestrian', 'path']",,Brühlsche Terrasse,False,"[False, True]",68.64852723013723,"LINESTRING (13.7443738 51.0531558, 13.7442803 51.0531672, 13.7435312 51.0531937, 13.7433958 51.0531823)",,,,,,,,,,
304869329,312304340,0,"[28426411, 244245423]","['footway', 'pedestrian']",,Brühlscher Garten,False,True,50.15092868719197,"LINESTRING (13.7454556 51.0524033, 13.7451709 51.0523227, 13.7451318 51.05232, 13.7448583 51.0521672)",,,,,,,,,,
309707754,3745445128,0,684106658,pedestrian,,Bautzner Straße,False,False,49.8386869131184,"LINESTRING (13.7475327 51.0637206, 13.7482181 51.0635967)",,,,,,,,,,
309707754,12297372281,0,684106658,pedestrian,,Bautzner Straße,False,True,9.155507418482683,"LINESTRING (13.7475327 51.0637206, 13.7474069 51.0637436)",,,,,,,,,,
312290735,2569330418,0,28425009,tertiary,20,Wilsdruffer Straße,True,False,77.35592123138262,"LINESTRING (13.7359394 51.050455, 13.7370236 51.0503156)",,1,,,3.25,,,,,
312304340,3596577472,0,353857861,pedestrian,,Brühlsche Terrasse,False,False,17.51101201661153,"LINESTRING (13.7448583 51.0521672, 13.7446995 51.052289)",,,,,,,,,,
312304340,304869329,0,"[28426411, 244245423]","['pedestrian', 'footway']",,Brühlscher Garten,False,False,50.15092868719197,"LINESTRING (13.7448583 51.0521672, 13.7451318 51.05232, 13.7451709 51.0523227, 13.7454556 51.0524033)",,,,,,,,,,
312304340,2517502174,0,"[684023323, 244245423]","['pedestrian', 'residential']",30,Brühlscher Garten,False,True,61.86022875255022,"LINESTRING (13.7448583 51.0521672, 13.7451524 51.0519588, 13.7452093 51.0519158, 13.7452831 51.0518595, 13.7453126 51.0518137, 13.7453406 51.051748, 13.7453497 51.0517171)",,,,,,,,,,
316631000,29348304,0,413178527,tertiary,20,Wilsdruffer Straße,True,False,38.934635206031224,"LINESTRING (13.7400923 51.0499235, 13.7406426 51.0498694)",,1,,,4.8,,,,,
334016342,997588284,0,205991584,tertiary,50,Wilsdruffer Straße,True,False,110.67705262862059,"LINESTRING (13.7438018 51.0496342, 13.743755 51.0496393, 13.7428895 51.0497308, 13.7422443 51.0498125)",,1,,,,,,,,
334016350,27189041,0,205991583,tertiary,50,Wilsdruffer Straße,True,False,10.033798177095813,"LINESTRING (13.7437265 51.0494123, 13.743865 51.0493886)",,3,,,,,,,,
344884575,3175569186,0,"[28425010, 769451718]",tertiary,20,Wilsdruffer Straße,True,False,40.83433174463197,"LINESTRING (13.7348988 51.0507585, 13.7345376 51.0508101, 13.7343288 51.0508389)",,1,,,4,,,,,
344931540,9020757695,0,9706536,residential,20,Bautzner Straße,True,False,41.196349654584466,"LINESTRING (13.7514325 51.0630302, 13.7514342 51.0630412, 13.7514525 51.0631262, 13.751031 51.0631949)",,1,,,,,,,,
344931540,3870487960,0,383734606,primary,50,Bautzner Straße,False,False,8.408069222480776,"LINESTRING (13.7514325 51.0630302, 13.7515142 51.0630184, 13.7515501 51.0630143)",,4,,,,B 6,,,,
344931540,4128233139,0,"[761288689, 411090413]",primary,50,Bautzner Straße,False,True,21.107548742958656,"LINESTRING (13.7514325 51.0630302, 13.7513302 51.0630435, 13.7511367 51.0630686)",,4,,,,B 6,,,,
355347947,7417943542,0,383734605,primary,50,Bautzner Straße,False,False,7.655970297934837,"LINESTRING (13.7498492 51.0632357, 13.7499565 51.0632218)",,4,,,,B 6,,,,
355347947,1703242714,0,383734605,primary,50,Bautzner Straße,False,True,57.44243453249575,"LINESTRING (13.7498492 51.0632357, 13.7490442 51.0633402)",,4,,,,B 6,,,,
355347952,76859758,0,9722489,residential,50,Bautzner Straße,True,False,60.14730160030216,"LINESTRING (13.7498695 51.0629021, 13.7507297 51.0628838)",,,,,,,,,,
371251139,7417943540,0,9706536,residential,20,Bautzner Straße,True,False,25.320651400575127,"LINESTRING (13.7503469 51.0632972, 13.7499924 51.0633443)",,1,,,,,,,,
373262774,4314077696,0,"[432335180, 23400118]","['steps', 'pedestrian']",,Brühlsche Terrasse,False,True,9.724431760714994,"LINESTRING (13.7411887 51.0532626, 13.7412854 51.0532548, 13.7413267 51.0532515)",,,,,,,,,,
403395056,6558343218,0,698337542,residential,50,Bautzner Straße,False,True,24.948759983501713,"LINESTRING (13.7514416 51.0628684, 13.7510848 51.0628761)",,2,,,5.1,,,,,
433059649,7733763092,0,37202134,primary,50,Bautzner Straße,True,False,70.36087437291678,"LINESTRING (13.785335 51.0670241, 13.7847344 51.0670436, 13.7843299 51.0670618)",,2,,,,B 6,,,,
433065573,2970538995,0,56067972,primary,50,Bautzner Straße,True,False,9.962713212312199,"LINESTRING (13.7764328 51.0674799, 13.7762967 51.0674532)",,2,,,,B 6,,,,
433065575,1458120544,0,"[613085964, 191609775]",primary,50,Bautzner Straße,True,False,174.5046744884977,"LINESTRING (13.7739243 51.0668931, 13.7754131 51.0671681, 13.7758961 51.0672576, 13.7760797 51.0672856, 13.7761611 51.0672917, 13.7762609 51.0672938, 13.7763321 51.0672953)",,1,,,,B 6,,,,
439764063,3160439119,0,79498469,primary,50,Bautzner Straße,False,False,25.42524127453504,"LINESTRING (13.7603428 51.0637694, 13.7606944 51.0638282)",,2,,,,B 6,,,,
439764063,4102692710,0,79498469,primary,50,Bautzner Straße,False,True,7.739562874790813,"LINESTRING (13.7603428 51.0637694, 13.7602359 51.0637512)",,2,,,,B 6,,,,
449106844,253894583,0,710529275,primary,50,Bautzner Straße,False,True,64.51880839650195,"LINESTRING (13.7622803 51.0641748, 13.7617142 51.0640352, 13.7616703 51.0640256, 13.7616264 51.0640157, 13.7614164 51.0639704)",,,,,,B 6,,,,
449106844,30405000,0,877615382,primary,50,Bautzner Straße,False,False,19.650106234973606,"LINESTRING (13.7622803 51.0641748, 13.7624563 51.064216, 13.7625438 51.0642365)",,,,,,B 6,,,,
899125162,2550321350,0,"[248200563, 998474741]",living_street,,Jüdenhof,False,False,53.16275921682186,"LINESTRING (13.7390669 51.0512611, 13.7390894 51.0514186, 13.7391347 51.0517373)",,,,,,,,,,
931730932,4102692710,0,79498469,primary,50,Bautzner Straße,False,False,32.02760356572453,"LINESTRING (13.7597923 51.0636788, 13.7602359 51.0637512)",,2,,,,B 6,,,,
931730932,10760995332,0,79498469,primary,50,Bautzner Straße,False,True,2.616200576412336,"LINESTRING (13.7597923 51.0636788, 13.7597561 51.0636728)",,2,,,,B 6,,,,
933166817,3745445125,0,383734607,primary,50,Bautzner Straße,True,False,19.603797900247883,"LINESTRING (13.7485614 51.0634903, 13.7482934 51.0635424)",,2,,,,B 6,,,,
933166849,25433992,0,56067993,primary,50,Bautzner Straße,True,False,18.46144773465812,"LINESTRING (13.7484836 51.0633203, 13.7487461 51.0633016)",,2,,,,B 6,,,,
997588284,2530827413,0,205991584,tertiary,50,Wilsdruffer Straße,True,False,110.67611579166513,"LINESTRING (13.7422443 51.0498125, 13.7418557 51.0498423, 13.7409978 51.0499572, 13.7407397 51.0500076, 13.7406963 51.0500135)",,1,,,,,,,,
997588759,248967422,0,313559084,tertiary,50,Wilsdruffer Straße,True,False,7.861059393831061,"LINESTRING (13.7421935 51.0496518, 13.7423036 51.0496374)",,2,,,,,,,,
1150742636,1231348481,0,769451721,tertiary,20,Wilsdruffer Straße,True,False,106.7725514069786,"LINESTRING (13.7337211 51.050742, 13.7352143 51.0505397)",,1,,,,,,,,
1150742708,3745445171,0,55914188,primary,50,Bautzner Straße,True,False,21.12545060777725,"LINESTRING (13.7468127 51.0637621, 13.7468328 51.0637508, 13.7468586 51.0637345, 13.7470263 51.0636277)",,2,,,,B 6,,,,
1152939223,30405012,0,133959425,primary,50,Bautzner Straße,True,False,15.265486003262879,"LINESTRING (13.7777919 51.0670797, 13.7780068 51.067055)",,1,,,,B 6,,,,
1167820733,27279384,0,55914185,primary,50,Bautzner Straße,True,False,34.906629950490384,"LINESTRING (13.7474389 51.0635127, 13.7475895 51.0634854, 13.7479207 51.0634299)",,2,,,,B 6,,,,
1231348481,1550380576,0,769451721,tertiary,20,Wilsdruffer Straße,True,False,8.109648597379243,"LINESTRING (13.7352143 51.0505397, 13.735328 51.0505252)",,1,,,,,,,,
1458120254,1762496571,0,403537280,primary,50,Bautzner Straße,True,False,44.46423296656309,"LINESTRING (13.7731871 51.0667786, 13.7737537 51.0668675, 13.7738045 51.0668754)",,1,,,,B 6,,,,
1458120318,4283381779,0,215909153,primary,50,Bautzner Straße,True,False,19.62950659950741,"LINESTRING (13.7857803 51.0668457, 13.7860611 51.0668406)",,1,,,,B 6,,,,
1458120323,1458120318,0,215909153,primary,50,Bautzner Straße,True,False,15.03484721161871,"LINESTRING (13.7855683 51.0668688, 13.7857803 51.0668457)",,1,,,,B 6,,,,
1458120434,1762496623,0,132572480,primary,50,Bautzner Straße,True,False,15.29115868074403,"LINESTRING (13.785813 51.0669591, 13.7856032 51.0669982)",,2,,,,B 6,,,,
1458120471,13301769537,0,133959424,primary,50,Bautzner Straße,True,False,44.911120579409996,"LINESTRING (13.7790444 51.0669941, 13.779199 51.0669618, 13.77939 51.0669113, 13.7796248 51.0668474, 13.7796405 51.0668438)",,1,,,,B 6,,,,
1458120478,1458120471,0,133959424,primary,50,Bautzner Straße,True,False,10.17201516843991,"LINESTRING (13.7789033 51.0670166, 13.7790444 51.0669941)",,1,,,,B 6,,,,
1458120482,1458120478,0,133959424,primary,50,Bautzner Straße,True,False,10.254202956092795,"LINESTRING (13.7787573 51.0670259, 13.7789033 51.0670166)",,1,,,,B 6,,,,
1458120544,30405010,0,403537282,primary,50,Bautzner Straße,True,False,14.108031276345239,"LINESTRING (13.7763321 51.0672953, 13.776534 51.0672958)",,1,,,,B 6,,,,
1550380576,312290735,0,1412281292,tertiary,20,Wilsdruffer Straße,True,False,43.444580943271525,"LINESTRING (13.735328 51.0505252, 13.7359394 51.050455)",,1,,,,,,,,
1550380580,344884575,0,28425010,tertiary,20,Wilsdruffer Straße,True,False,34.563930704442754,"LINESTRING (13.7353834 51.0506967, 13.7348988 51.0507585)",,1,,,,,,,,
1701480252,279872625,0,216071215,tertiary,20,Wilsdruffer Straße,True,False,11.810959381550953,"LINESTRING (13.739186 51.0502375, 13.7390208 51.0502598)",,1,,,4.8,,,,,
1703242714,355347947,0,383734605,primary,50,Bautzner Straße,False,False,57.44243453249575,"LINESTRING (13.7490442 51.0633402, 13.7498492 51.0632357)",,4,,,,B 6,,,,
1703242714,67273166,0,"[210129633, 772221599]",primary,50,Bautzner Straße,True,False,23.554389795806323,"LINESTRING (13.7490442 51.0633402, 13.7489835 51.0633622, 13.7488673 51.0634012, 13.7487477 51.0634409)",,1,,,,B 6,,,,
1749554806,25873142,0,244326503,living_street,,Augustusstraße,False,False,7.702652460499327,"LINESTRING (13.7397311 51.0524794, 13.7396957 51.052545)",,,,,,,,,,
1749554806,2515689534,0,"[4621436, 244326503]","['living_street', 'pedestrian']",,Augustusstraße,False,True,22.24341191236726,"LINESTRING (13.7397311 51.0524794, 13.739807 51.0523391, 13.7398335 51.05229)",,,,,,,,,,
1762496546,1762496610,0,3491358,primary,50,Bautzner Straße,True,False,59.425082403093825,"LINESTRING (13.7804055 51.0668255, 13.7802297 51.0668369, 13.7801472 51.0668449, 13.7800523 51.0668567, 13.7799232 51.0668748, 13.7797872 51.0668994, 13.7796879 51.0669216, 13.7795807 51.0669465)",,2,,,,B 6,,,,
1762496571,433065575,0,403537280,primary,50,Bautzner Straße,True,False,8.599448405422761,"LINESTRING (13.7738045 51.0668754, 13.7739243 51.0668931)",,1,,,,B 6,,,,
1762496572,1458120323,0,134123353,primary,50,Bautzner Straße,True,False,17.62399135653283,"LINESTRING (13.785317 51.0668823, 13.7855683 51.0668688)",,3,,,,B 6,,,,
1762496610,1762496632,0,3491358,primary,50,Bautzner Straße,True,False,16.532750729594703,"LINESTRING (13.7795807 51.0669465, 13.779474 51.0669722, 13.7793673 51.0670098)",,2,,,,B 6,,,,
1762496623,433059649,0,37202134,primary,50,Bautzner Straße,True,False,18.980739071759402,"LINESTRING (13.7856032 51.0669982, 13.7854774 51.0670143, 13.785335 51.0670241)",,2,,,,B 6,,,,
1762496629,4283381784,0,3491358,primary,50,Bautzner Straße,True,False,52.5827125427947,"LINESTRING (13.782055 51.0670109, 13.7814056 51.0668929, 13.7813306 51.0668834)",,2,,,,B 6,,,,
1762496632,2379417678,0,"[293485386, 770995556]",primary,50,Bautzner Straße,True,False,117.5413873437535,"LINESTRING (13.7793673 51.0670098, 13.7787982 51.067247, 13.7785105 51.0673565, 13.7783378 51.0674086, 13.7782023 51.0674459, 13.7778951 51.0675094)",,2,,,,B 6,,,,
1762496637,1762496629,0,3491358,primary,50,Bautzner Straße,True,False,10.08356354105634,"LINESTRING (13.7821932 51.067037, 13.782055 51.0670109)",,2,,,,B 6,,,,
1830517913,8567498001,0,79498469,primary,50,Bautzner Straße,False,False,76.99912005791036,"LINESTRING (13.7575401 51.0633085, 13.7578301 51.0633559, 13.7578746 51.0633632, 13.7584787 51.0634627, 13.7586061 51.0634837)",,2,,,,B 6,,,,
1830517913,4128308070,0,"[314079274, 314079275, 383734603]",primary,50,Bautzner Straße,False,True,125.58225703120331,"LINESTRING (13.7575401 51.0633085, 13.7573823 51.0632846, 13.7566279 51.0631707, 13.7559764 51.0630734, 13.7557926 51.0630451)",,"['2', '3']",,,,B 6,,,,
1835743284,10760995332,0,79498469,primary,50,Bautzner Straße,False,False,12.80551189445496,"LINESTRING (13.7595788 51.0636437, 13.7597561 51.0636728)",,2,,,,B 6,,,,
1835743284,4102692708,0,79498469,primary,50,Bautzner Straße,False,True,18.241287210825202,"LINESTRING (13.7595788 51.0636437, 13.7593263 51.0636021)",,2,,,,B 6,,,,
1927448099,27682460,0,384397128,primary,50,Bautzner Straße,False,False,82.38995701632226,"LINESTRING (13.7957873 51.0660985, 13.79565 51.0661311, 13.795481 51.0661754, 13.7947085 51.066397)",,4,,,,B 6,,,,
1927448099,3876966664,0,"[384397129, 384397130, 384397131, 777497218]",primary,50,Bautzner Straße,False,True,97.4083359233664,"LINESTRING (13.7957873 51.0660985, 13.7959189 51.0660713, 13.7960711 51.0660469, 13.7962166 51.066025, 13.7963958 51.066007, 13.7966464 51.0659904, 13.7969467 51.0659824, 13.7969977 51.0659812, 13.7971613 51.0659778)",,4,,,,B 6,,,,
2198154299,3160439119,0,79498469,primary,50,Bautzner Straße,False,True,11.392704579978233,"LINESTRING (13.7608523 51.0638537, 13.7606944 51.0638282)",,2,,,,B 6,,,,
2198154299,253894583,0,1413564142,primary,50,Bautzner Straße,False,False,41.506505804820506,"LINESTRING (13.7608523 51.0638537, 13.7609941 51.0638802, 13.7614164 51.0639704)",,2,,,,B 6,,,,
2290849554,1152939223,0,133959425,primary,50,Bautzner Straße,True,False,81.8712443227726,"LINESTRING (13.7766672 51.0672824, 13.7767719 51.0672632, 13.7768776 51.0672409, 13.7770377 51.0672058, 13.7771906 51.0671725, 13.7773959 51.0671342, 13.7776378 51.0670972, 13.7777919 51.0670797)",,1,,,,B 6,,,,
2294504615,11279901523,0,1158439219,primary,50,Bautzner Straße,False,True,47.37874926337097,"LINESTRING (13.787171 51.0669677, 13.7878412 51.0670323)",,4,,,,B 6,,,,
2294504615,11005259,0,"[102579496, 777497219]",primary,50,Bautzner Straße,False,False,40.55522500611608,"LINESTRING (13.787171 51.0669677, 13.7869468 51.0669461, 13.7865973 51.0669125)",,4,,,,B 6,,,,
2294768731,11005394,0,257038587,primary,50,Bautzner Straße,False,False,28.24377212449855,"LINESTRING (13.8115839 51.0642894, 13.8116878 51.0642825, 13.8117934 51.0642733, 13.8118477 51.0642626, 13.8118979 51.0642498, 13.8119703 51.0642256)",,4,,,,B 6,,,,
2294768731,303159242,0,"[384397136, 384397137, 777497213]",primary,50,Bautzner Straße,False,True,152.7907344386574,"LINESTRING (13.8115839 51.0642894, 13.8113947 51.0643001, 13.8109844 51.0643247, 13.8107737 51.0643549, 13.8105952 51.0643878, 13.8103633 51.0644438, 13.810195 51.0644956, 13.8098957 51.0645973, 13.8097282 51.0646566, 13.8095334 51.0647121)",,"['2', '4']",,,,B 6,,,,
2369461298,2369461421,0,79641861,primary,50,Bautzner Straße,False,False,36.848270327397785,"LINESTRING (13.7651932 51.064941, 13.7656672 51.0650862)",,2,,,,B 6,,,,
2369461298,3160439145,0,79641861,primary,50,Bautzner Straße,False,True,67.13122599617083,"LINESTRING (13.7651932 51.064941, 13.7643211 51.0646878)",,2,,,,B 6,,,,
2369461421,13286030941,0,79641861,primary,50,Bautzner Straße,False,False,15.631857962941924,"LINESTRING (13.7656672 51.0650862, 13.7658698 51.0651458)",,2,,,,B 6,,,,
2369461421,2369461298,0,79641861,primary,50,Bautzner Straße,False,True,36.848270327397785,"LINESTRING (13.7656672 51.0650862, 13.7651932 51.064941)",,2,,,,B 6,,,,
2369461447,67273166,0,326894421,residential,20,Bautzner Straße,True,False,58.06903659050262,"LINESTRING (13.749552 51.0634004, 13.7488965 51.0634822, 13.7487477 51.0634409)",,1,,,6.2,,,,,
2379417678,2379417689,0,"[257039812, 770995556]",primary,50,Bautzner Straße,True,False,32.25181105948642,"LINESTRING (13.7778951 51.0675094, 13.7776149 51.0675403, 13.7775183 51.0675476, 13.7774387 51.067551)",,"['2', '3']",,,,B 6,,,,
2379417689,2379417692,0,257039812,primary,50,Bautzner Straße,True,False,21.29213847233646,"LINESTRING (13.7774387 51.067551, 13.7772815 51.0675556, 13.7771342 51.0675533)",,3,,,,B 6,,,,
2379417692,30405016,0,257039812,primary,50,Bautzner Straße,True,False,29.89358053311806,"LINESTRING (13.7771342 51.0675533, 13.7769819 51.0675461, 13.7767576 51.0675258, 13.7767099 51.0675204)",,3,,,,B 6,,,,
2453945778,2561643152,0,1036528807,pedestrian,,Augustusstraße,False,True,21.269157022595596,"LINESTRING (13.7381189 51.053242, 13.7383463 51.0531149)",,,,,,,,,,
2510607353,221935639,0,350179565,pedestrian,,Brühlsche Terrasse,False,False,10.643874188948386,"LINESTRING (13.7392641 51.0535148, 13.7391643 51.0535871)",,,,,,,,,,
2510607353,2510607366,0,350179565,pedestrian,,Brühlsche Terrasse,False,True,18.379713522694665,"LINESTRING (13.7392641 51.0535148, 13.739519 51.0534742)",,,,,,,,,,
2510607366,2510607353,0,350179565,pedestrian,,Brühlsche Terrasse,False,False,18.379713522694665,"LINESTRING (13.739519 51.0534742, 13.7392641 51.0535148)",,,,,,,,,,
2510607366,2510607403,0,683443085,pedestrian,,Brühlsche Terrasse,False,False,18.446005721492817,"LINESTRING (13.739519 51.0534742, 13.7395813 51.0536354)",,,,,,,,,,
2510607366,3562818601,0,683443085,pedestrian,,Brühlsche Terrasse,False,True,29.047073346615278,"LINESTRING (13.739519 51.0534742, 13.7397691 51.0534361, 13.7398041 51.0535331)",,,,,,,,,,
2510607403,2510607366,0,683443085,pedestrian,,Brühlsche Terrasse,False,True,18.446005721492817,"LINESTRING (13.7395813 51.0536354, 13.739519 51.0534742)",,,,,,,,,,
2510607403,3562818601,0,"[683443083, 683443084]",pedestrian,,Brühlsche Terrasse,False,True,25.588898794503088,"LINESTRING (13.7395813 51.0536354, 13.7398306 51.0536007, 13.7398041 51.0535331)",,,,,,,,,,
2510607403,221935639,0,683443086,pedestrian,,Brühlsche Terrasse,False,False,33.17509569573597,"LINESTRING (13.7395813 51.0536354, 13.7393152 51.0536718, 13.7391643 51.0535871)",,,,,,,,,,
2515689534,1749554806,0,"[4621436, 244326503]","['living_street', 'pedestrian']",,Augustusstraße,False,False,22.24341191236726,"LINESTRING (13.7398335 51.05229, 13.739807 51.0523391, 13.7397311 51.0524794)",,,,,,,,,,
2515689534,2544975287,0,"[925831675, 4621436]",pedestrian,,Augustusstraße,False,True,65.32202593506199,"LINESTRING (13.7398335 51.05229, 13.7400344 51.0519185, 13.7401603 51.0517402)",,,,,,,,,,
2515851156,2517502174,0,244298441,residential,30,Brühlscher Garten,False,False,7.449849042297538,"LINESTRING (13.7453613 51.0516505, 13.7453497 51.0517171)",,,,,,,,,,
2517197942,3175417565,0,255598297,residential,30,Schießgasse,False,True,52.72447089802477,"LINESTRING (13.7438184 51.0501291, 13.7438723 51.0501991, 13.744147 51.0505559)",,,,,,,,,,
2517197942,25117106,0,913446177,residential,30,Schießgasse,False,False,17.101966429759884,"LINESTRING (13.7438184 51.0501291, 13.743796 51.0501009, 13.7437091 51.0499915)",,,,,,,,,,
2517502174,2515851156,0,244298441,residential,30,Brühlscher Garten,False,True,7.449849042297538,"LINESTRING (13.7453497 51.0517171, 13.7453613 51.0516505)",,,,,,,,,,
2517502174,312304340,0,"[684023323, 244245423]","['pedestrian', 'residential']",30,Brühlscher Garten,False,False,61.86022875255023,"LINESTRING (13.7453497 51.0517171, 13.7453406 51.051748, 13.7453126 51.0518137, 13.7452831 51.0518595, 13.7452093 51.0519158, 13.7451524 51.0519588, 13.7448583 51.0521672)",,,,,,,,,,
2526290026,2530827472,0,508306574,residential,30,Schießgasse,False,True,9.553166526361904,"LINESTRING (13.7445001 51.0510376, 13.7445523 51.051117)",,,,,,,,,,
2526290026,30122604,0,"[255598297, 508306574]",residential,30,Schießgasse,False,False,20.94562462277751,"LINESTRING (13.7445001 51.0510376, 13.7444653 51.0509846, 13.7443857 51.0508635)",,,,,,,,,,
2530827413,29348305,0,205991584,tertiary,50,Wilsdruffer Straße,True,False,11.403299901778604,"LINESTRING (13.7406963 51.0500135, 13.740537 51.0500356)",,1,,,,,,,,
2530827472,2526290026,0,508306574,residential,30,Schießgasse,False,False,9.553166526361904,"LINESTRING (13.7445523 51.051117, 13.7445001 51.0510376)",,,,,,,,,,
2530827472,26889714,0,508306574,residential,30,Schießgasse,False,True,14.014501617019379,"LINESTRING (13.7445523 51.051117, 13.7446288 51.0512335)",,,,,,,,,,
2544975287,2515689534,0,"[925831675, 4621436]",pedestrian,,Augustusstraße,False,False,65.32202593506199,"LINESTRING (13.7401603 51.0517402, 13.7400344 51.0519185, 13.7398335 51.05229)",,,,,,,,,,
2550321350,899125162,0,"[248200563, 998474741]",living_street,,Jüdenhof,False,True,53.16275921682186,"LINESTRING (13.7391347 51.0517373, 13.7390894 51.0514186, 13.7390669 51.0512611)",,,,,,,,,,
2550321350,10926325898,0,363907551,pedestrian,,Jüdenhof,False,True,45.314702524196875,"LINESTRING (13.7391347 51.0517373, 13.7392283 51.0517176, 13.7393309 51.0516961, 13.7393975 51.0516884, 13.7394803 51.0516905, 13.7397692 51.0517116)",,,,,,,,,,
2561643152,2453945778,0,1036528807,pedestrian,,Augustusstraße,False,False,21.269157022595596,"LINESTRING (13.7383463 51.0531149, 13.7381189 51.053242)",,,,,,,,,,
2561643152,25873142,0,244326505,pedestrian,,Augustusstraße,False,True,113.73703631375284,"LINESTRING (13.7383463 51.0531149, 13.7385543 51.0530073, 13.7395749 51.0525937, 13.7396957 51.052545)",,,,,,,,,,
2569330415,12057153505,0,1385283961,tertiary,20,Wilsdruffer Straße,True,False,56.2435941353041,"LINESTRING (13.7370923 51.0505169, 13.7363035 51.0506167)",,1,,,,,,,,
2569330418,25117028,0,28425009,tertiary,20,Wilsdruffer Straße,True,False,13.215709732171605,"LINESTRING (13.7370236 51.0503156, 13.7372088 51.0502917)",,1,,,3.25,,,,,
2569330419,3904070639,0,"[250494376, 387067012]","['footway', 'pedestrian']",,Altmarkt,False,True,23.38640205506845,"LINESTRING (13.7370081 51.0502695, 13.737074 51.0502604, 13.7371057 51.05027, 13.7370598 51.0501271)",,,,,,,,,,
2569330423,3904070639,0,250494376,pedestrian,,Altmarkt,False,False,107.25153278532852,"LINESTRING (13.7368526 51.0491755, 13.7369226 51.0498066, 13.7370598 51.0501271)",,,,,,,,,,
2610832901,25117016,0,61320006,tertiary,20,Wilsdruffer Straße,True,False,68.01625923354625,"LINESTRING (13.7382166 51.0503688, 13.7372643 51.0504944)",,1,,,3.25,,,,,
2610832910,30409381,0,1226680710,tertiary,20,Wilsdruffer Straße,True,False,68.30675828195467,"LINESTRING (13.7381626 51.0501646, 13.7391197 51.0500407)",,1,,,3.25,,,,,
2970538972,8491016501,0,277710968,primary,50,Bautzner Straße,True,False,95.07648124871251,"LINESTRING (13.7834078 51.0669244, 13.7846007 51.066904, 13.7847678 51.0668989)",,3,,,,B 6,,,,
2970538973,2970538972,0,235255128,primary,50,Bautzner Straße,True,False,27.98885602177726,"LINESTRING (13.7830083 51.0669426, 13.7834078 51.0669244)",,3,,,,B 6,,,,
2970538995,7196901425,0,770995554,primary,50,Bautzner Straße,True,False,22.397107193580023,"LINESTRING (13.7762967 51.0674532, 13.7762432 51.0674431, 13.7759897 51.0673953)",,2,,,,B 6,,,,
2970751883,2970751887,0,1290088650,primary,50,Bautzner Straße,True,False,20.159238325443322,"LINESTRING (13.7740269 51.0670396, 13.7737478 51.0669937)",,1,,,,B 6,,,,
2970751887,3160483032,0,"[1290088650, 235255127]",primary,50,Bautzner Straße,True,False,106.21304832630713,"LINESTRING (13.7737478 51.0669937, 13.7733595 51.0669254, 13.7725093 51.0667758, 13.7723821 51.0667286, 13.7723075 51.0667015)",,1,,,,B 6,,,,
2970916265,1762496637,0,828446186,primary,50,Bautzner Straße,True,False,29.876210284055833,"LINESTRING (13.7826049 51.0671095, 13.7821932 51.067037)",,2,,,,B 6,,,,
3137684024,3629320949,0,308489420,primary,50,Bautzner Straße,True,False,40.371806158706654,"LINESTRING (13.7537973 51.0629055, 13.7536212 51.0629394, 13.7532542 51.0629591, 13.7532291 51.0629605)",,1,,,5,B 6,,,,
3137684026,3137684038,0,28813887,primary,50,Bautzner Straße,True,False,31.35689192099584,"LINESTRING (13.7518135 51.0629839, 13.7518374 51.062978, 13.7518891 51.0629642, 13.7519852 51.0629388, 13.7520559 51.06292, 13.7522333 51.0628852)",,1,,,5,B 6,,,,
3137684026,3870487960,0,383734606,primary,50,Bautzner Straße,False,True,18.715511872256403,"LINESTRING (13.7518135 51.0629839, 13.7517866 51.0629868, 13.7515924 51.0630089, 13.7515501 51.0630143)",,4,,,,B 6,,,,
3137684031,3137684024,0,308489420,primary,50,Bautzner Straße,True,False,4.794762933747093,"LINESTRING (13.7538504 51.0628782, 13.7538132 51.0628977, 13.7537973 51.0629055)",,1,,,5,B 6,,,,
3137684031,3160439109,0,"[383734604, 1124864541, 308489422]",primary,50,Bautzner Straße,False,False,87.61800351815499,"LINESTRING (13.7538504 51.0628782, 13.7540581 51.0628762, 13.7541474 51.0628753, 13.7543989 51.062873, 13.7545777 51.062881, 13.754825 51.0629015, 13.7548827 51.0629063, 13.7550952 51.0629378)",,"['5', '4']",,,,B 6,,,,
3137684038,3629320945,0,28813887,primary,50,Bautzner Straße,True,False,69.41043927521665,"LINESTRING (13.7522333 51.0628852, 13.7529744 51.0628513, 13.7532243 51.0628438)",,1,,,5,B 6,,,,
3137684071,3137684026,0,308489420,primary,50,Bautzner Straße,True,False,30.481452555025765,"LINESTRING (13.7522473 51.0630125, 13.7519453 51.062993, 13.751836 51.0629855, 13.7518135 51.0629839)",,1,,,5,B 6,,,,
3160439109,4128308070,0,383734603,primary,50,Bautzner Straße,False,False,50.17565993726155,"LINESTRING (13.7550952 51.0629378, 13.7553957 51.0629851, 13.7557926 51.0630451)",,3,,,,B 6,,,,
3160439109,3137684031,0,"[383734604, 1124864541, 308489422]",primary,50,Bautzner Straße,False,True,87.61800351815499,"LINESTRING (13.7550952 51.0629378, 13.7548827 51.0629063, 13.754825 51.0629015, 13.7545777 51.062881, 13.7543989 51.062873, 13.7541474 51.0628753, 13.7540581 51.0628762, 13.7538504 51.0628782)",,"['5', '4']",,,,B 6,,,,
3160439119,2198154299,0,79498469,primary,50,Bautzner Straße,False,False,11.392704579978233,"LINESTRING (13.7606944 51.0638282, 13.7608523 51.0638537)",,2,,,,B 6,,,,
3160439119,439764063,0,79498469,primary,50,Bautzner Straße,False,True,25.42524127453504,"LINESTRING (13.7606944 51.0638282, 13.7603428 51.0637694)",,2,,,,B 6,,,,
3160439137,25949615,0,877615383,primary,50,Bautzner Straße,False,True,20.020375463452424,"LINESTRING (13.7633468 51.0644208, 13.7630752 51.0643635)",,2,,,,B 6,,,,
3160439137,3160439138,0,79641861,primary,50,Bautzner Straße,False,False,9.798538903976526,"LINESTRING (13.7633468 51.0644208, 13.7634079 51.0644345, 13.7634787 51.0644507)",,2,,,,B 6,,,,
3160439138,3160439140,0,79641861,primary,50,Bautzner Straße,False,False,19.565834051566412,"LINESTRING (13.7634787 51.0644507, 13.7637376 51.0645177)",,2,,,,B 6,,,,
3160439138,3160439137,0,79641861,primary,50,Bautzner Straße,False,True,9.798538903976526,"LINESTRING (13.7634787 51.0644507, 13.7634079 51.0644345, 13.7633468 51.0644208)",,2,,,,B 6,,,,
3160439140,3160439145,0,79641861,primary,50,Bautzner Straße,False,False,44.94821647937891,"LINESTRING (13.7637376 51.0645177, 13.7643211 51.0646878)",,2,,,,B 6,,,,
3160439140,3160439138,0,79641861,primary,50,Bautzner Straße,False,True,19.565834051566412,"LINESTRING (13.7637376 51.0645177, 13.7634787 51.0644507)",,2,,,,B 6,,,,
3160439145,2369461298,0,79641861,primary,50,Bautzner Straße,False,False,67.13122599617083,"LINESTRING (13.7643211 51.0646878, 13.7651932 51.064941)",,2,,,,B 6,,,,
3160439145,3160439140,0,79641861,primary,50,Bautzner Straße,False,True,44.94821647937891,"LINESTRING (13.7643211 51.0646878, 13.7637376 51.0645177)",,2,,,,B 6,,,,
3160439147,7655588703,0,79641861,primary,50,Bautzner Straße,False,False,9.706769338653322,"LINESTRING (13.7662218 51.0652506, 13.7663494 51.0652851)",,2,,,,B 6,,,,
3160439147,3160439149,0,79641861,primary,50,Bautzner Straße,False,True,9.344598186836283,"LINESTRING (13.7662218 51.0652506, 13.7661015 51.0652139)",,2,,,,B 6,,,,
3160439149,3160439147,0,79641861,primary,50,Bautzner Straße,False,False,9.344598186836283,"LINESTRING (13.7661015 51.0652139, 13.7662218 51.0652506)",,2,,,,B 6,,,,
3160439149,13286030941,0,79641861,primary,50,Bautzner Straße,False,True,17.874233180861772,"LINESTRING (13.7661015 51.0652139, 13.7658698 51.0651458)",,2,,,,B 6,,,,
3160439160,7414319733,0,79641861,primary,50,Bautzner Straße,False,True,73.67053113144006,"LINESTRING (13.7690305 51.066025, 13.7680696 51.0657524)",,2,,,,B 6,,,,
3160439160,3160483035,0,79641861,primary,50,Bautzner Straße,False,False,29.361385836168765,"LINESTRING (13.7690305 51.066025, 13.7691926 51.0660724, 13.7692441 51.0660874, 13.7692822 51.0660984, 13.7694119 51.0661358)",,2,,,,B 6,,,,
3160483032,9166955443,0,28586200,primary,50,Bautzner Straße,False,True,48.74272617223794,"LINESTRING (13.7723075 51.0667015, 13.7716376 51.0665793)",,2,,,,B 6,,,,
3160483032,1458120254,0,37202136,primary,50,Bautzner Straße,True,False,62.60663275861434,"LINESTRING (13.7723075 51.0667015, 13.7723751 51.0666987, 13.7725553 51.0666897, 13.7731871 51.0667786)",,1,,,,B 6,,,,
3160483035,3654830697,0,28586200,primary,50,Bautzner Straße,False,False,77.87338077563786,"LINESTRING (13.7694119 51.0661358, 13.7695211 51.0661655, 13.7696852 51.0662102, 13.7700251 51.0662849, 13.7704634 51.0663651)",,2,,,,B 6,,,,
3160483035,3160439160,0,79641861,primary,50,Bautzner Straße,False,True,29.361385836168765,"LINESTRING (13.7694119 51.0661358, 13.7692822 51.0660984, 13.7692441 51.0660874, 13.7691926 51.0660724, 13.7690305 51.066025)",,2,,,,B 6,,,,
3160522706,11279901540,0,130274112,primary,50,Bautzner Straße,True,False,40.69182160655002,"LINESTRING (13.7895745 51.0671422, 13.7897088 51.0671399, 13.7898382 51.0671299, 13.7900128 51.0671119, 13.7901498 51.0670918)",,1,,,,B 6,,,,
3161628588,3876926870,0,"[777497216, 384397135]",primary,50,Bautzner Straße,False,False,14.392525290907354,"LINESTRING (13.7993286 51.0659413, 13.7992679 51.0659423, 13.7991227 51.0659446)",,4,,,,B 6,,,,
3161628588,31237331,0,"[220328114, 384397135]",primary,50,Bautzner Straße,False,True,88.30837220655805,"LINESTRING (13.7993286 51.0659413, 13.799466 51.0659387, 13.8005918 51.0659178)",,"['2', '4']",,,,B 6,,,,
3175417565,30122604,0,255598297,residential,30,Schießgasse,False,True,38.05636497571986,"LINESTRING (13.744147 51.0505559, 13.7443857 51.0508635)",,,,,,,,,,
3175417565,2517197942,0,255598297,residential,30,Schießgasse,False,False,52.72447089802477,"LINESTRING (13.744147 51.0505559, 13.7438723 51.0501991, 13.7438184 51.0501291)",,,,,,,,,,
3175569186,1150742693,0,"[769451718, 769451719]",tertiary,20,Wilsdruffer Straße,True,False,39.92626862123302,"LINESTRING (13.7343288 51.0508389, 13.7340477 51.0508778, 13.7339812 51.050887, 13.7338819 51.0508999, 13.7337707 51.0509153)",,1,,,4,,,,,
3371595465,3745445164,0,370870667,primary,50,Bautzner Straße,True,False,8.93385133109549,"LINESTRING (13.7475143 51.0636816, 13.7473902 51.0637009)",,2,,,,B 6,,,,
3459501214,92307034,0,91767581,secondary,,Lockwitzgrund,False,True,8.253385499762533,"LINESTRING (13.8001457 50.9840527, 13.8002566 50.9840779)",,2,,,,S 183,,,,
3459501214,257891398,0,91767584,secondary,50,Lockwitzgrund,False,False,82.24295888760244,"LINESTRING (13.8001457 50.9840527, 13.7993722 50.9838625, 13.7990511 50.983784)",,2,,,,S 183,,,,
3459501218,5240901760,0,91767584,secondary,50,Lockwitzgrund,False,False,49.285129703825746,"LINESTRING (13.7983194 50.9836086, 13.798001 50.9835247, 13.7976877 50.9834145)",,2,,,,S 183,,,,
3459501218,257891398,0,91767584,secondary,50,Lockwitzgrund,False,True,54.810211774558795,"LINESTRING (13.7983194 50.9836086, 13.7988455 50.9837326, 13.7990511 50.983784)",,2,,,,S 183,,,,
3459763910,6744668581,0,91796021,secondary,30,Lockwitzgrund,False,False,18.008606434561585,"LINESTRING (13.7941764 50.9779494, 13.7940943 50.977931, 13.7939396 50.9778865)",,2,,,,S 183,,,,
3459763910,85890601,0,"[208772475, 91796021, 91796022, 1087196387]",secondary,"['30', '50']",Lockwitzgrund,False,True,511.6405728577613,"LINESTRING (13.7941764 50.9779494, 13.7950435 50.9782106, 13.7952692 50.9783071, 13.7953897 50.9783703, 13.7954876 50.9784741, 13.795556 50.9786329, 13.7955622 50.9787563, 13.7955135 50.9789988, 13.7954372 50.9795553, 13.7953079 50.980319, 13.7952824 50.9805521, 13.7952864 50.9807522, 13.7953075 50.9808679, 13.7953615 50.9810325, 13.7954514 50.9811879, 13.7959271 50.9818257, 13.796032 50.9819687)",,2,,,,S 183,,,,
3559302869,3562818601,0,350179564,pedestrian,,Brühlsche Terrasse,False,False,109.75351432563961,"LINESTRING (13.7413534 51.0533725, 13.741289 51.0533792, 13.7400231 51.0535104, 13.739816 51.0535319, 13.7398041 51.0535331)",,,,,,,,,,
3559302869,7412460798,0,683443080,pedestrian,,Brühlsche Terrasse,False,False,137.35390405061815,"LINESTRING (13.7413534 51.0533725, 13.741391 51.0533694, 13.743302 51.0532128)",,,,,,,,,,
3559302870,7412460798,0,683443080,pedestrian,,Brühlsche Terrasse,False,True,7.381571307749495,"LINESTRING (13.7433958 51.0531823, 13.743302 51.0532128)",,,,,,,,,,
3559302870,304869297,0,"[684023315, 27763740, 350181327]","['pedestrian', 'steps', 'path']",,Brühlsche Terrasse,False,"[False, True]",68.64852723013723,"LINESTRING (13.7433958 51.0531823, 13.7435312 51.0531937, 13.7442803 51.0531672, 13.7443738 51.0531558)",,,,,,,,,,
3559302870,7412460810,0,684023319,pedestrian,,Brühlsche Terrasse,False,True,53.21319454300314,"LINESTRING (13.7433958 51.0531823, 13.7435749 51.0530886, 13.7439289 51.0528421)",,,,,,,,,,
3562818601,3559302869,0,350179564,pedestrian,,Brühlsche Terrasse,False,True,109.75351432563961,"LINESTRING (13.7398041 51.0535331, 13.739816 51.0535319, 13.7400231 51.0535104, 13.741289 51.0533792, 13.7413534 51.0533725)",,,,,,,,,,
3562818601,2510607403,0,"[683443083, 683443084]",pedestrian,,Brühlsche Terrasse,False,False,25.588898794503088,"LINESTRING (13.7398041 51.0535331, 13.7398306 51.0536007, 13.7395813 51.0536354)",,,,,,,,,,
3562818601,2510607366,0,683443085,pedestrian,,Brühlsche Terrasse,False,False,29.047073346615278,"LINESTRING (13.7398041 51.0535331, 13.7397691 51.0534361, 13.739519 51.0534742)",,,,,,,,,,
3586382638,11158723156,0,"[352633794, 352633787, 352860508]","['footway', 'steps', 'pedestrian']",,Altmarkt,False,"[False, True]",13.702452484828266,"LINESTRING (13.7378908 51.0494592, 13.7379154 51.0494576, 13.7379128 51.0494417, 13.7379016 51.0493764, 13.7378998 51.049366, 13.7378752 51.0493677)",,,,,1,,,building_passage,,
3586382638,11158723156,1,"[352633794, 352860508, 352860501]","['footway', 'steps', 'pedestrian']",,Altmarkt,False,"[False, True]",13.700257154014887,"LINESTRING (13.7378908 51.0494592, 13.7378662 51.0494609, 13.7378635 51.0494449, 13.7378523 51.0493797, 13.7378505 51.0493694, 13.7378752 51.0493677)",,,,,1,,,building_passage,,
3596577472,6407768808,0,353857861,pedestrian,,Brühlsche Terrasse,False,False,58.59919002293968,"LINESTRING (13.7446995 51.052289, 13.7441327 51.0526773)",,,,,,,,,,
3596577472,312304340,0,353857861,pedestrian,,Brühlsche Terrasse,False,True,17.51101201661153,"LINESTRING (13.7446995 51.052289, 13.7448583 51.0521672)",,,,,,,,,,
3629320945,6265339791,0,28813887,primary,50,Bautzner Straße,True,False,1.0421989185393223,"LINESTRING (13.7532243 51.0628438, 13.7532392 51.0628434)",,1,,,5,B 6,,,,
3629320949,3137684071,0,308489420,primary,50,Bautzner Straße,True,False,68.85365123679846,"LINESTRING (13.7532291 51.0629605, 13.7522865 51.0630104, 13.7522473 51.0630125)",,1,,,5,B 6,,,,
3648736378,355347952,0,9722489,residential,50,Bautzner Straße,True,False,4.682333444552769,"LINESTRING (13.7498025 51.0629025, 13.7498695 51.0629021)",,,,,,,,,,
3654830697,7203078678,0,28586200,primary,50,Bautzner Straße,False,False,52.650355312022015,"LINESTRING (13.7704634 51.0663651, 13.771187 51.0664971)",,2,,,,B 6,,,,
3654830697,3160483035,0,28586200,primary,50,Bautzner Straße,False,True,77.87338077563786,"LINESTRING (13.7704634 51.0663651, 13.7700251 51.0662849, 13.7696852 51.0662102, 13.7695211 51.0661655, 13.7694119 51.0661358)",,2,,,,B 6,,,,
3655203473,9525276141,0,9706536,residential,20,Bautzner Straße,True,False,21.1194186536231,"LINESTRING (13.7506987 51.0632491, 13.7504034 51.0632895)",,1,,,,,,,,
3700070054,3160522706,0,777497220,primary,50,Bautzner Straße,True,False,29.533550407433804,"LINESTRING (13.7891586 51.0670949, 13.7895745 51.0671422)",,1,,,,B 6,,,,
3745445125,3371595465,0,370870667,primary,50,Bautzner Straße,True,False,56.602028632980684,"LINESTRING (13.7482934 51.0635424, 13.7475869 51.0636686, 13.7475143 51.0636816)",,2,,,,B 6,,,,
3745445127,3745445128,0,"[667642369, 684106659]","['path', 'pedestrian']",,Bautzner Straße,False,True,6.909448212921675,"LINESTRING (13.7483152 51.0635862, 13.7482711 51.0635936, 13.7482181 51.0635967)",,,,,,,,,,
3745445128,309707754,0,684106658,pedestrian,,Bautzner Straße,False,True,49.8386869131184,"LINESTRING (13.7482181 51.0635967, 13.7475327 51.0637206)",,,,,,,,,,
3745445128,3745445127,0,"[667642369, 684106659]","['pedestrian', 'path']",,Bautzner Straße,False,False,6.909448212921675,"LINESTRING (13.7482181 51.0635967, 13.7482711 51.0635936, 13.7483152 51.0635862)",,,,,,,,,,
3745445158,1167820733,0,55914185,primary,50,Bautzner Straße,True,False,8.561878704624595,"LINESTRING (13.7473241 51.0635396, 13.7474389 51.0635127)",,2,,,,B 6,,,,
3745445164,3745445177,0,400616580,primary,50,Bautzner Straße,True,False,25.40664426486017,"LINESTRING (13.7473902 51.0637009, 13.747106 51.0637438, 13.7470362 51.0637529)",,2,,,,B 6,,,,
3745445171,3745445158,0,"[55914185, 55914188]",primary,50,Bautzner Straße,True,False,23.138914584802265,"LINESTRING (13.7470263 51.0636277, 13.7470737 51.0636049, 13.7471457 51.063582, 13.7473241 51.0635396)",,2,,,,B 6,,,,
3745445177,1150742708,0,400616580,primary,50,Bautzner Straße,True,False,15.661181903341843,"LINESTRING (13.7470362 51.0637529, 13.7469892 51.0637567, 13.7469189 51.0637595, 13.7468732 51.0637606, 13.7468339 51.0637614, 13.7468127 51.0637621)",,2,,,,B 6,,,,
3870487960,3137684026,0,383734606,primary,50,Bautzner Straße,False,False,18.715511872256407,"LINESTRING (13.7515501 51.0630143, 13.7515924 51.0630089, 13.7517866 51.0629868, 13.7518135 51.0629839)",,4,,,,B 6,,,,
3870487960,344931540,0,383734606,primary,50,Bautzner Straße,False,True,8.408069222480776,"LINESTRING (13.7515501 51.0630143, 13.7515142 51.0630184, 13.7514325 51.0630302)",,4,,,,B 6,,,,
3876926870,3876966665,0,"[384397133, 384397134]",primary,50,Bautzner Straße,False,False,39.653772080336466,"LINESTRING (13.7991227 51.0659446, 13.7990412 51.0659459, 13.798847 51.0659488, 13.7985554 51.0659534)",,4,,,,B 6,,,,
3876926870,3161628588,0,"[777497216, 384397135]",primary,50,Bautzner Straße,False,True,14.392525290907354,"LINESTRING (13.7991227 51.0659446, 13.7992679 51.0659423, 13.7993286 51.0659413)",,4,,,,B 6,,,,
3876966664,1927448099,0,"[384397129, 777497218, 384397131, 384397130]",primary,50,Bautzner Straße,False,False,97.40833592336638,"LINESTRING (13.7971613 51.0659778, 13.7969977 51.0659812, 13.7969467 51.0659824, 13.7966464 51.0659904, 13.7963958 51.066007, 13.7962166 51.066025, 13.7960711 51.0660469, 13.7959189 51.0660713, 13.7957873 51.0660985)",,4,,,,B 6,,,,
3876966664,3876966665,0,"[777497217, 427816043, 384397132]",primary,50,Bautzner Straße,False,True,97.45444788145069,"LINESTRING (13.7971613 51.0659778, 13.7974884 51.0659721, 13.7978199 51.0659663, 13.7979036 51.0659648, 13.7979326 51.0659643, 13.7982612 51.0659583, 13.7985554 51.0659534)",,4,,,,B 6,,,,
3876966665,3876926870,0,"[384397133, 384397134]",primary,50,Bautzner Straße,False,True,39.65377208033647,"LINESTRING (13.7985554 51.0659534, 13.798847 51.0659488, 13.7990412 51.0659459, 13.7991227 51.0659446)",,4,,,,B 6,,,,
3876966665,3876966664,0,"[777497217, 427816043, 384397132]",primary,50,Bautzner Straße,False,False,97.45444788145069,"LINESTRING (13.7985554 51.0659534, 13.7982612 51.0659583, 13.7979326 51.0659643, 13.7979036 51.0659648, 13.7978199 51.0659663, 13.7974884 51.0659721, 13.7971613 51.0659778)",,4,,,,B 6,,,,
3904070639,2569330419,0,"[250494376, 387067012]","['pedestrian', 'footway']",,Altmarkt,False,False,23.386402055068448,"LINESTRING (13.7370598 51.0501271, 13.7371057 51.05027, 13.737074 51.0502604, 13.7370081 51.0502695)",,,,,,,,,,
3904070639,2569330423,0,250494376,pedestrian,,Altmarkt,False,True,107.25153278532852,"LINESTRING (13.7370598 51.0501271, 13.7369226 51.0498066, 13.7368526 51.0491755)",,,,,,,,,,
4102692708,1835743284,0,79498469,primary,50,Bautzner Straße,False,False,18.241287210825202,"LINESTRING (13.7593263 51.0636021, 13.7595788 51.0636437)",,2,,,,B 6,,,,
4102692708,8567498001,0,79498469,primary,50,Bautzner Straße,False,True,52.022116678572374,"LINESTRING (13.7593263 51.0636021, 13.7591949 51.0635805, 13.7586061 51.0634837)",,2,,,,B 6,,,,
4102692710,439764063,0,79498469,primary,50,Bautzner Straße,False,False,7.739562874790813,"LINESTRING (13.7602359 51.0637512, 13.7603428 51.0637694)",,2,,,,B 6,,,,
4102692710,931730932,0,79498469,primary,50,Bautzner Straße,False,True,32.02760356572453,"LINESTRING (13.7602359 51.0637512, 13.7597923 51.0636788)",,2,,,,B 6,,,,
4128233139,76859759,0,698337541,primary,50,Bautzner Straße,False,True,29.312980540579883,"LINESTRING (13.7511367 51.0630686, 13.7507259 51.0631219)",,4,,,,B 6,,,,
4128233139,344931540,0,"[761288689, 411090413]",primary,50,Bautzner Straße,False,False,21.107548742958656,"LINESTRING (13.7511367 51.0630686, 13.7513302 51.0630435, 13.7514325 51.0630302)",,4,,,,B 6,,,,
4128308070,1830517913,0,"[314079275, 314079274, 383734603]",primary,50,Bautzner Straße,False,False,125.5822570312033,"LINESTRING (13.7557926 51.0630451, 13.7559764 51.0630734, 13.7566279 51.0631707, 13.7573823 51.0632846, 13.7575401 51.0633085)",,"['2', '3']",,,,B 6,,,,
4128308070,3160439109,0,383734603,primary,50,Bautzner Straße,False,True,50.17565993726155,"LINESTRING (13.7557926 51.0630451, 13.7553957 51.0629851, 13.7550952 51.0629378)",,3,,,,B 6,,,,
4283381779,11005259,0,215909153,primary,50,Bautzner Straße,True,False,39.169760418166405,"LINESTRING (13.7860611 51.0668406, 13.7862296 51.0668417, 13.7864145 51.0668523, 13.7865273 51.0668895, 13.7865973 51.0669125)",,1,,,,B 6,,,,
4283381784,1762496546,0,3491358,primary,50,Bautzner Straße,True,False,65.28983988993622,"LINESTRING (13.7813306 51.0668834, 13.7810561 51.0668445, 13.7808783 51.0668289, 13.7806792 51.06682, 13.7804055 51.0668255)",,2,,,,B 6,,,,
4314077696,373262774,0,"[432335180, 23400118]","['pedestrian', 'steps']",,Brühlsche Terrasse,False,False,9.724431760714994,"LINESTRING (13.7413267 51.0532515, 13.7412854 51.0532548, 13.7411887 51.0532626)",,,,,,,,,,
4541191489,1762496572,0,277710968,primary,50,Bautzner Straße,True,False,28.668526557645926,"LINESTRING (13.7849072 51.0668947, 13.785261 51.066884, 13.785317 51.0668823)",,3,,,,B 6,,,,
4541191504,2970538973,0,1158439887,primary,50,Bautzner Straße,True,False,18.971908410093587,"LINESTRING (13.7827397 51.0669177, 13.7830083 51.0669426)",,1,,,,B 6,,,,
5240901296,7301143492,0,4874493,secondary,30,Lockwitzgrund,False,False,44.36095787353288,"LINESTRING (13.8028073 50.9862659, 13.8024802 50.9859242)",,2,,,,S 183,,,,
5240901296,31471508,0,4874493,secondary,30,Lockwitzgrund,False,True,34.42753127738446,"LINESTRING (13.8028073 50.9862659, 13.8029148 50.9863782, 13.8029625 50.9864607, 13.8029641 50.9865514)",,2,,,,S 183,,,,
5240901760,85890601,0,"[91767584, 1087196386]",secondary,50,Lockwitzgrund,False,False,201.86880475723257,"LINESTRING (13.7976877 50.9834145, 13.7974985 50.9833364, 13.7973122 50.9832408, 13.7970849 50.9831172, 13.7969206 50.9830028, 13.7967617 50.9828618, 13.7966457 50.9827047, 13.7965822 50.9826124, 13.7964854 50.9824717, 13.7962133 50.9821698, 13.796032 50.9819687)",,2,,,,S 183,,,,
5240901760,3459501218,0,91767584,secondary,50,Lockwitzgrund,False,True,49.285129703825746,"LINESTRING (13.7976877 50.9834145, 13.798001 50.9835247, 13.7983194 50.9836086)",,2,,,,S 183,,,,
5801958217,2970751883,0,313948744,primary,50,Bautzner Straße,True,False,16.087149946740507,"LINESTRING (13.7742477 51.0670805, 13.77418 51.0670691, 13.7740269 51.0670396)",,2,,,,B 6,,,,
6265339791,3137684031,0,28813887,primary,50,Bautzner Straße,True,False,43.445990899964066,"LINESTRING (13.7532392 51.0628434, 13.7534103 51.0628383, 13.7536238 51.0628354, 13.7538122 51.0628683, 13.7538504 51.0628782)",,1,,,5,B 6,,,,
6407768808,3596577472,0,353857861,pedestrian,,Brühlsche Terrasse,False,True,58.59919002293968,"LINESTRING (13.7441327 51.0526773, 13.7446995 51.052289)",,,,,,,,,,
6407768808,7412460810,0,684023313,pedestrian,,Brühlsche Terrasse,False,False,23.210521251157065,"LINESTRING (13.7441327 51.0526773, 13.7439289 51.0528421)",,,,,,,,,,
6558343218,403395056,0,698337542,residential,50,Bautzner Straße,False,False,24.948759983501713,"LINESTRING (13.7510848 51.0628761, 13.7514416 51.0628684)",,2,,,5.1,,,,,
6558343218,4128233139,0,698337543,residential,50,Bautzner Straße,True,False,21.710245733955055,"LINESTRING (13.7510848 51.0628761, 13.7511328 51.0630532, 13.7511367 51.0630686)",,,,,7.7,,,,,
6744668581,3459763910,0,91796021,secondary,30,Lockwitzgrund,False,True,18.008606434561585,"LINESTRING (13.7939396 50.9778865, 13.7940943 50.977931, 13.7941764 50.9779494)",,2,,,,S 183,,,,
7051699619,933166817,0,383734607,primary,50,Bautzner Straße,True,False,7.14032946393846,"LINESTRING (13.7486571 51.0634678, 13.7485614 51.0634903)",,2,,,,B 6,,,,
7196901425,5801958217,0,"[313948744, 770995553, 770995554]",primary,50,Bautzner Straße,True,False,126.66330759347835,"LINESTRING (13.7759897 51.0673953, 13.7759481 51.0673875, 13.775225 51.0672512, 13.7742477 51.0670805)",,2,,,,B 6,,,,
7203078678,9166955443,0,28586200,primary,50,Bautzner Straße,False,False,32.786376168849664,"LINESTRING (13.771187 51.0664971, 13.7716376 51.0665793)",,2,,,,B 6,,,,
7203078678,3654830697,0,28586200,primary,50,Bautzner Straße,False,True,52.650355312022015,"LINESTRING (13.771187 51.0664971, 13.7704634 51.0663651)",,2,,,,B 6,,,,
7301143492,7301143494,0,4874493,secondary,30,Lockwitzgrund,False,False,4.891162059297127,"LINESTRING (13.8024802 50.9859242, 13.8024442 50.9858865)",,2,,,,S 183,,,,
7301143492,5240901296,0,4874493,secondary,30,Lockwitzgrund,False,True,44.36095787353288,"LINESTRING (13.8024802 50.9859242, 13.8028073 50.9862659)",,2,,,,S 183,,,,
7301143494,7301143492,0,4874493,secondary,30,Lockwitzgrund,False,True,4.891162059297127,"LINESTRING (13.8024442 50.9858865, 13.8024802 50.9859242)",,2,,,,S 183,,,,
7301143494,31471510,0,4874493,secondary,30,Lockwitzgrund,False,False,29.82558831715197,"LINESTRING (13.8024442 50.9858865, 13.8023263 50.9857634, 13.8022562 50.985647)",,2,,,,S 183,,,,
7412460798,3559302870,0,683443080,pedestrian,,Brühlsche Terrasse,False,False,7.381571307749495,"LINESTRING (13.743302 51.0532128, 13.7433958 51.0531823)",,,,,,,,,,
7412460798,3559302869,0,683443080,pedestrian,,Brühlsche Terrasse,False,True,137.35390405061815,"LINESTRING (13.743302 51.0532128, 13.741391 51.0533694, 13.7413534 51.0533725)",,,,,,,,,,
7412460810,6407768808,0,684023313,pedestrian,,Brühlsche Terrasse,False,True,23.210521251157065,"LINESTRING (13.7439289 51.0528421, 13.7441327 51.0526773)",,,,,,,,,,
7412460810,3559302870,0,684023319,pedestrian,,Brühlsche Terrasse,False,False,53.21319454300314,"LINESTRING (13.7439289 51.0528421, 13.7435749 51.0530886, 13.7433958 51.0531823)",,,,,,,,,,
7414319733,3160439160,0,79641861,primary,50,Bautzner Straße,False,False,73.67053113144006,"LINESTRING (13.7680696 51.0657524, 13.7690305 51.066025)",,2,,,,B 6,,,,
7414319733,13286017399,0,79641861,primary,50,Bautzner Straße,False,True,36.97443764688153,"LINESTRING (13.7680696 51.0657524, 13.7679065 51.0657062, 13.7675848 51.0656192)",,2,,,,B 6,,,,
7417943540,2369461447,0,9706536,residential,20,Bautzner Straße,True,False,31.401744544461405,"LINESTRING (13.7499924 51.0633443, 13.749552 51.0634004)",,1,,,,,,,,
7417943542,355347947,0,383734605,primary,50,Bautzner Straße,False,True,7.655970297934837,"LINESTRING (13.7499565 51.0632218, 13.7498492 51.0632357)",,4,,,,B 6,,,,
7417943542,76859759,0,383734605,primary,50,Bautzner Straße,False,False,54.90273595082365,"LINESTRING (13.7499565 51.0632218, 13.7502747 51.0631805, 13.7507259 51.0631219)",,4,,,,B 6,,,,
7655588703,13286017399,0,79641861,primary,50,Bautzner Straße,False,False,93.98225627804683,"LINESTRING (13.7663494 51.0652851, 13.7675848 51.0656192)",,2,,,,B 6,,,,
7655588703,3160439147,0,79641861,primary,50,Bautzner Straße,False,True,9.706769338653322,"LINESTRING (13.7663494 51.0652851, 13.7662218 51.0652506)",,2,,,,B 6,,,,
7733763092,12573987324,0,828446188,primary,50,Bautzner Straße,True,False,38.53659802199002,"LINESTRING (13.7843299 51.0670618, 13.7839802 51.0670821, 13.7837802 51.0670891)",,2,,,,B 6,,,,
8491016501,4541191489,0,277710968,primary,50,Bautzner Straße,True,False,9.751958002324397,"LINESTRING (13.7847678 51.0668989, 13.7849072 51.0668947)",,3,,,,B 6,,,,
8567498001,4102692708,0,79498469,primary,50,Bautzner Straße,False,False,52.022116678572374,"LINESTRING (13.7586061 51.0634837, 13.7591949 51.0635805, 13.7593263 51.0636021)",,2,,,,B 6,,,,
8567498001,1830517913,0,79498469,primary,50,Bautzner Straße,False,True,76.99912005791036,"LINESTRING (13.7586061 51.0634837, 13.7584787 51.0634627, 13.7578746 51.0633632, 13.7578301 51.0633559, 13.7575401 51.0633085)",,2,,,,B 6,,,,
8935694647,92307034,0,91767581,secondary,,Lockwitzgrund,False,False,48.34717944808003,"LINESTRING (13.8009101 50.9842186, 13.8002566 50.9840779)",,2,,,,S 183,,,,
8935694647,86644275,0,"[91767581, 141328886]",secondary,30,Lockwitzgrund,False,True,90.15305386591625,"LINESTRING (13.8009101 50.9842186, 13.8012679 50.9842956, 13.8013935 50.984332, 13.8015691 50.9843902, 13.8017863 50.9844721, 13.8019284 50.9845246, 13.80205 50.9845852)",,2,,,,S 183,,,,
9020757695,3655203473,0,9706536,residential,20,Bautzner Straße,True,False,23.991092305918443,"LINESTRING (13.751031 51.0631949, 13.7506987 51.0632491)",,1,,,,,,,,
9166955443,3160483032,0,28586200,primary,50,Bautzner Straße,False,False,48.74272617223794,"LINESTRING (13.7716376 51.0665793, 13.7723075 51.0667015)",,2,,,,B 6,,,,
9166955443,7203078678,0,28586200,primary,50,Bautzner Straße,False,True,32.786376168849664,"LINESTRING (13.7716376 51.0665793, 13.771187 51.0664971)",,2,,,,B 6,,,,
9525276141,371251139,0,9706536,residential,20,Bautzner Straße,True,False,4.040091574062325,"LINESTRING (13.7504034 51.0632895, 13.7503469 51.0632972)",,1,,,,,,,,
10697245069,13304060029,0,1158439887,primary,50,Bautzner Straße,True,False,25.427510540721983,"LINESTRING (13.782253 51.066869, 13.782491 51.0668947, 13.7826121 51.0669059)",,1,,,,B 6,,,,
10760995332,931730932,0,79498469,primary,50,Bautzner Straße,False,False,2.616200576412336,"LINESTRING (13.7597561 51.0636728, 13.7597923 51.0636788)",,2,,,,B 6,,,,
10760995332,1835743284,0,79498469,primary,50,Bautzner Straße,False,True,12.80551189445496,"LINESTRING (13.7597561 51.0636728, 13.7595788 51.0636437)",,2,,,,B 6,,,,
10773251468,11279901523,0,1158439219,primary,50,Bautzner Straße,False,False,3.0114346642225316,"LINESTRING (13.7878838 51.0670364, 13.7878412 51.0670323)",,4,,,,B 6,,,,
10773251468,11279901525,0,777497220,primary,50,Bautzner Straße,True,False,25.358701444068842,"LINESTRING (13.7878838 51.0670364, 13.787923 51.0670287, 13.7879814 51.0670171, 13.7880456 51.0670144, 13.7882418 51.0670171)",,1,,,,B 6,,,,
10926325898,2550321350,0,363907551,pedestrian,,Jüdenhof,False,False,45.314702524196875,"LINESTRING (13.7397692 51.0517116, 13.7394803 51.0516905, 13.7393975 51.0516884, 13.7393309 51.0516961, 13.7392283 51.0517176, 13.7391347 51.0517373)",,,,,,,,,,
11158723156,3586382638,0,"[352633794, 352633787, 352860508]","['pedestrian', 'steps', 'footway']",,Altmarkt,False,"[False, True]",13.702452484828266,"LINESTRING (13.7378752 51.0493677, 13.7378998 51.049366, 13.7379016 51.0493764, 13.7379128 51.0494417, 13.7379154 51.0494576, 13.7378908 51.0494592)",,,,,1,,,building_passage,,
11158723156,3586382638,1,"[352633794, 352860508, 352860501]","['pedestrian', 'steps', 'footway']",,Altmarkt,False,"[False, True]",13.700257154014885,"LINESTRING (13.7378752 51.0493677, 13.7378505 51.0493694, 13.7378523 51.0493797, 13.7378635 51.0494449, 13.7378662 51.0494609, 13.7378908 51.0494592)",,,,,1,,,building_passage,,
11279901491,11279901535,0,1217381409,primary,50,Bautzner Straße,True,False,19.32558832849913,"LINESTRING (13.790175 51.0672097, 13.7901545 51.0672171, 13.7900413 51.0672364, 13.7899073 51.0672496)",,1,,,,B 6,,,,
11279901511,11279901515,0,1217381421,primary,50,Bautzner Straße,True,False,11.902813680917724,"LINESTRING (13.7891322 51.0672112, 13.7889637 51.0671955)",,1,,,,B 6,,,,
11279901515,11279901516,0,1217381421,primary,50,Bautzner Straße,True,False,52.71313925239433,"LINESTRING (13.7889637 51.0671955, 13.7882179 51.0671242)",,1,,,,B 6,,,,
11279901516,10773251468,0,1217381421,primary,50,Bautzner Straße,True,False,25.84584149907867,"LINESTRING (13.7882179 51.0671242, 13.7881228 51.0671151, 13.7880054 51.0670909, 13.7879494 51.0670716, 13.7879216 51.0670567, 13.7878838 51.0670364)",,1,,,,B 6,,,,
11279901517,3700070054,0,777497220,primary,50,Bautzner Straße,True,False,11.641074393660256,"LINESTRING (13.7889937 51.06708, 13.7891586 51.0670949)",,1,,,,B 6,,,,
11279901523,2294504615,0,1158439219,primary,50,Bautzner Straße,False,False,47.37874926337097,"LINESTRING (13.7878412 51.0670323, 13.787171 51.0669677)",,4,,,,B 6,,,,
11279901523,10773251468,0,1158439219,primary,50,Bautzner Straße,False,True,3.0114346642225316,"LINESTRING (13.7878412 51.0670323, 13.7878838 51.0670364)",,4,,,,B 6,,,,
11279901525,11279901517,0,777497220,primary,50,Bautzner Straße,True,False,53.0033775280689,"LINESTRING (13.7882418 51.0670171, 13.7889937 51.06708)",,1,,,,B 6,,,,
11279901535,11279901537,0,1217381421,primary,50,Bautzner Straße,True,False,29.014027416715564,"LINESTRING (13.7899073 51.0672496, 13.7897173 51.0672476, 13.7894923 51.0672417)",,1,,,,B 6,,,,
11279901537,11279901511,0,1217381421,primary,50,Bautzner Straße,True,False,25.389835176260192,"LINESTRING (13.7894923 51.0672417, 13.7891322 51.0672112)",,1,,,,B 6,,,,
11279901540,28799160,0,130274112,primary,50,Bautzner Straße,True,False,17.43553834713658,"LINESTRING (13.7901498 51.0670918, 13.7902605 51.0670875, 13.7903396 51.0670929, 13.7903983 51.0670969)",,1,,,,B 6,,,,
12057153505,1550380580,0,"[1385283960, 28425010, 161571150]",tertiary,20,Wilsdruffer Straße,True,False,65.1878099637561,"LINESTRING (13.7363035 51.0506167, 13.7360219 51.0506523, 13.7358217 51.0506761, 13.7357509 51.0506798, 13.7356152 51.0506753, 13.7355028 51.0506815, 13.7353834 51.0506967)",,"['2', '1']",,,,,,,,
12297372281,309707754,0,684106658,pedestrian,,Bautzner Straße,False,False,9.155507418482683,"LINESTRING (13.7474069 51.0637436, 13.7475327 51.0637206)",,,,,,,,,,
12573987324,12573987327,0,828446188,primary,50,Bautzner Straße,True,False,67.9692362971084,"LINESTRING (13.7837802 51.0670891, 13.7834377 51.0671011, 13.7828561 51.0671174, 13.7828086 51.0671176)",,2,,,,B 6,,,,
12573987327,2970916265,0,828446188,primary,50,Bautzner Straße,True,False,14.288415730081962,"LINESTRING (13.7828086 51.0671176, 13.7827189 51.0671179, 13.7826049 51.0671095)",,2,,,,B 6,,,,
13056523533,30405000,0,51515728,primary,50,Bautzner Straße,False,True,12.198586145349674,"LINESTRING (13.7627069 51.0642756, 13.7625438 51.0642365)",,,,,,B 6,,,,
13056523533,25949615,0,51515728,primary,50,Bautzner Straße,False,False,27.53187918465228,"LINESTRING (13.7627069 51.0642756, 13.7630395 51.0643558, 13.7630752 51.0643635)",,,,,,B 6,,,,
13286017399,7655588703,0,79641861,primary,50,Bautzner Straße,False,True,93.98225627804683,"LINESTRING (13.7675848 51.0656192, 13.7663494 51.0652851)",,2,,,,B 6,,,,
13286017399,7414319733,0,79641861,primary,50,Bautzner Straße,False,False,36.97443764688153,"LINESTRING (13.7675848 51.0656192, 13.7679065 51.0657062, 13.7680696 51.0657524)",,2,,,,B 6,,,,
13286030941,3160439149,0,79641861,primary,50,Bautzner Straße,False,False,17.874233180861772,"LINESTRING (13.7658698 51.0651458, 13.7661015 51.0652139)",,2,,,,B 6,,,,
13286030941,2369461421,0,79641861,primary,50,Bautzner Straße,False,True,15.631857962941924,"LINESTRING (13.7658698 51.0651458, 13.7656672 51.0650862)",,2,,,,B 6,,,,
13301769537,13301769623,0,"[133959424, 1158439887]",primary,50,Bautzner Straße,True,False,87.85026232909063,"LINESTRING (13.7796405 51.0668438, 13.780006 51.0667593, 13.7803363 51.0666839, 13.7805456 51.0666571, 13.780689 51.0666526, 13.7808333 51.0666533, 13.780848 51.0666547)",,1,,,,B 6,,,,
13301769590,10697245069,0,1158439887,primary,50,Bautzner Straße,True,False,39.100280383826785,"LINESTRING (13.7817105 51.0667838, 13.7818181 51.0668027, 13.7821474 51.0668576, 13.782253 51.066869)",,1,,,,B 6,,,,
13301769623,13301769590,0,1158439887,primary,50,Bautzner Straße,True,False,62.03253423375247,"LINESTRING (13.780848 51.0666547, 13.7810508 51.0666737, 13.7812591 51.0667044, 13.7817105 51.0667838)",,1,,,,B 6,,,,
13304060026,4541191504,0,1158439887,primary,50,Bautzner Straße,True,False,5.954086907090324,"LINESTRING (13.7826554 51.0669099, 13.7827397 51.0669177)",,1,,,,B 6,,,,
13304060029,13304060026,0,1158439887,primary,50,Bautzner Straße,True,False,3.0581643579695603,"LINESTRING (13.7826121 51.0669059, 13.7826554 51.0669099)",,1,,,,B 6,,,,
